pair,shift,ci_low,ci_high,q_value
CBL-cheb,0.0477791964817305,0.0373542510186328,0.0585518986153193,1.4483475369501716e-12
VN-cheb,0.0458467780726878,0.0336179483040522,0.0576392434987504,8.2453518779153e-10
CBL-mlp,-0.0378961953646782,-0.0441372804229139,-0.0315369221495122,1.0755074947092548e-17
VN-mlp,-0.0378342506645161,-0.0450105528967709,-0.0302434032166013,3.375104582369048e-15
SMN-cheb,0.0331552945802697,0.0238289601533081,0.0423679955995888,5.2547410026337655e-08
DAN-cheb,0.0318567855549186,0.0236459862244486,0.0405719293036654,8.566920043921816e-09
DAN-mlp,-0.0290193259082331,-0.0337179759807606,-0.0242950255565359,9.961326547904796e-17
SMN-mlp,-0.0251673115111499,-0.0300582981436726,-0.0201025430749984,2.374071519479059e-16
