{
  "fold": 2,
  "best_epoch": 3,
  "selection_metric": "accuracy",
  "threshold_metric": "accuracy",
  "best_val_accuracy": 0.6774193548387096,
  "best_threshold": 0.435,
  "test_metrics": {
    "balanced_acc": 0.548469387755102,
    "accuracy": 0.6493506493506493,
    "precision": 0.5555555555555556,
    "recall": 0.17857142857142858,
    "f1_score": 0.2702702702702703,
    "roc_auc": 0.622631195335277,
    "threshold": 0.435
  },
  "gate_usage": {
    "mean_gate_weight": {
      "mlp": 0.24533596634864807,
      "cheb": 0.24190257489681244,
      "gt": 0.25784024596214294,
      "gcn": 0.2549212574958801
    },
    "selection_rate": {
      "mlp": 1.0,
      "cheb": 1.0,
      "gt": 1.0,
      "gcn": 1.0
    },
    "mean_router_prob": {
      "mlp": 0.24533596634864807,
      "cheb": 0.24190257489681244,
      "gt": 0.25784024596214294,
      "gcn": 0.2549212574958801
    },
    "avg_graph_gate_entropy": 1.3858804083489753
  }
}