{
  "fold": 4,
  "best_epoch": 13,
  "selection_metric": "roc_auc",
  "threshold_metric": "accuracy",
  "best_val_roc_auc": 0.7558528428093645,
  "best_threshold": 0.495,
  "test_metrics": {
    "balanced_acc": 0.6018961708394698,
    "accuracy": 0.6339869281045751,
    "precision": 0.5,
    "recall": 0.48214285714285715,
    "f1_score": 0.4909090909090909,
    "roc_auc": 0.6362297496318114,
    "threshold": 0.495
  },
  "gate_usage": {
    "mean_gate_weight": {
      "mlp": 0.12589825689792633,
      "cheb": 0.4707091748714447,
      "gt": 0.12477334588766098,
      "gcn": 0.2786192297935486
    },
    "selection_rate": {
      "mlp": 0.4895762801170349,
      "cheb": 1.0,
      "gt": 0.5278341174125671,
      "gcn": 0.982589602470398
    },
    "mean_router_prob": {
      "mlp": 0.18886321783065796,
      "cheb": 0.389053076505661,
      "gt": 0.18958760797977448,
      "gcn": 0.23249609768390656
    },
    "avg_graph_gate_entropy": 1.2267778683332056
  }
}